{"schemaVersion":"1.0","appDefinitionTemplate":{"id":"/providers/Microsoft.PowerApps/apps/","type":"Microsoft.PowerApps/apps","tags":{"primaryDeviceWidth":"1366","primaryDeviceHeight":"768","sienaVersion":"20200421T215141Z-3.20023.8.0","deviceCapabilities":"","supportsPortrait":"false","supportsLandscape":"true","primaryFormFactor":"Tablet","publisherVersion":"3.20023.8","minimumRequiredApiVersion":"2.2.0","hasComponent":"false","hasUnlockedComponent":"false"},"properties":{"appVersion":"2020-04-21T21:51:41Z","lifeCycleId":"Published","createdByClientVersion":{"major":3,"minor":20023,"build":8,"revision":0,"majorRevision":0,"minorRevision":0},"minClientVersion":{"major":3,"minor":20023,"build":8,"revision":0,"majorRevision":0,"minorRevision":0},"backgroundColor":"rgba(0, 176, 240, 1)","backgroundImageUri":"/13618809638065292302/N379a1254-98d1-4b6d-89ef-c72e10fd3e5e-logoSmallFile","displayName":"OverDriveVideoApp","description":"","commitMessage":"","appUris":{"documentUri":{"value":"/13618809638065292302/Nebf27d96-1d7f-408e-938d-71e3eb38b05e-document.msapp","readonlyValue":"/13618809638065292302/Nebf27d96-1d7f-408e-938d-71e3eb38b05e-document.msapp"},"imageUris":[]},"createdTime":"0001-01-01T00:00:00Z","lastModifiedTime":"0001-01-01T00:00:00Z","sharedGroupsCount":0,"sharedUsersCount":0,"icons":{"smallIconUri":"/13618809638065292302/Nbb94e3d5-8f23-481a-9ce3-85f61c832dcd-small.png","mediumIconUri":"/13618809638065292302/N0a6b1dba-59ee-42b5-b729-61f9e0ed488f-medium.png","largeIconUri":"/13618809638065292302/N0c80da94-3118-4252-b1bf-8fe2d2d9f1a0-large.png","wideIconUri":"/13618809638065292302/Nf57b6c76-893b-4e5d-9638-7ea7f760ec05-wide.png"},"connectionReferences":{"cb276d86-76fa-49f0-b538-d09055d93d9b":{"id":"6ab9cecc-58e6-44f6-8f74-ce9906e352f4","displayName":"SharePoint","iconUri":"https://connectoricons-prod.azureedge.net/sharepointonline/icon_1.0.1329.1953.png","dataSources":["Testing"],"dependencies":[],"dependents":[],"parameterHints":{},"isOnPremiseConnection":false,"dataSets":{"https://freshbi.sharepoint.com/sites/FBI_Home_1":{"dataSources":{"Testing":{"tableName":"bc8f5cbd-15e0-4bb5-b31f-1206b37496a0"}}}},"apiTier":"Standard","isCustomApiConnection":false},"4a7204a3-7f7f-4e67-b047-8d71fc585a30":{"id":"17c15cd5-1883-4ec3-bfab-37cc08f58864","displayName":"Azure Blob Storage","iconUri":"https://connectoricons-prod.azureedge.net/azureblob/icon_1.0.1329.1953.png","dataSources":["AzureBlobStorage"],"dependencies":[],"dependents":[],"parameterHints":{},"isOnPremiseConnection":false,"sharedConnectionId":"a91dd8f7-96de-42e1-9937-36efdd666ac9","dataSets":{},"apiTier":"Premium","isCustomApiConnection":false}},"databaseReferences":{},"almMode":"Environment","performanceOptimizationEnabled":false,"canConsumeAppPass":true},"isAppComponentLibrary":false,"appType":"ClassicCanvasApp","appComponents":[]}}