{"name":"d75be509-8d11-4670-b901-a55dfd065dcc","id":"/providers/Microsoft.Flow/flows/d75be509-8d11-4670-b901-a55dfd065dcc","type":"Microsoft.Flow/flows","properties":{"apiId":"/providers/Microsoft.PowerApps/apis/shared_logicflows","displayName":"Data monster Flow","definition":{"metadata":{"workflowEntityId":null,"creator":{"id":"88c3a44e-6ec1-45d3-88da-3086efef98f0","type":"User","tenantId":"ca22abb1-679f-442f-ba4d-885fe5b1e464"},"provisioningMethod":"FromDefinition","failureAlertSubscription":true,"clientLastModifiedTime":"2020-04-22T19:15:34.3754149Z"},"$schema":"https://schema.management.azure.com/providers/Microsoft.Logic/schemas/2016-06-01/workflowdefinition.json#","contentVersion":"1.0.0.0","parameters":{"$connections":{"defaultValue":{},"type":"Object"},"$authentication":{"defaultValue":{},"type":"SecureObject"}},"triggers":{"When_a_blob_is_added_or_modified_(properties_only)":{"recurrence":{"frequency":"Minute","interval":3},"splitOn":"@triggerBody()","metadata":{"flowSystemMetadata":{"swaggerOperationId":"OnUpdatedFiles"}},"type":"ApiConnection","inputs":{"host":{"connection":{"name":"@parameters('$connections')['shared_azureblob_1']['connectionId']"},"api":{"runtimeUrl":"https://flow-apim-msmanaged-na-eastus2-01.azure-apim.net/apim/azureblob"}},"method":"get","path":"/datasets/default/triggers/batch/onupdatedfile","queries":{"folderId":"/filedump/unapproved","maxFileCount":10},"authentication":"@parameters('$authentication')"}}},"actions":{"Start_and_wait_for_an_approval":{"runAfter":{},"metadata":{"flowSystemMetadata":{"swaggerOperationId":"StartAndWaitForAnApproval"}},"type":"ApiConnectionWebhook","inputs":{"host":{"connection":{"name":"@parameters('$connections')['shared_approvals']['connectionId']"},"api":{"runtimeUrl":"https://flow-apim-msmanaged-na-westus2-01.azure-apim.net/apim/approvals"}},"body":{"notificationUrl":"@{listCallbackUrl()}","title":"Please Review File for Approval","assignedTo":"michael.boisvert@freshbi.com","itemLink":"https://datamonstersandbox.blob.core.windows.net/filedump/unapproved/@{triggerBody()?['Name']}","enableNotifications":true,"enableReassignment":true},"path":"/types/@{encodeURIComponent('Basic')}/subscriptions","authentication":"@parameters('$authentication')"}},"Condition":{"actions":{"Copy_blob":{"runAfter":{},"metadata":{"flowSystemMetadata":{"swaggerOperationId":"CopyFile"}},"type":"ApiConnection","inputs":{"host":{"connection":{"name":"@parameters('$connections')['shared_azureblob_1']['connectionId']"},"api":{"runtimeUrl":"https://flow-apim-msmanaged-na-eastus2-01.azure-apim.net/apim/azureblob"}},"method":"post","path":"/datasets/default/copyFile","queries":{"source":"/filedump/unapproved/@{triggerBody()?['Name']}","destination":"/filedump/approved/@{triggerBody()?['Name']}","overwrite":false,"queryParametersSingleEncoded":true},"authentication":"@parameters('$authentication')"}}},"runAfter":{"Start_and_wait_for_an_approval":["Succeeded"]},"expression":{"equals":["@body('Start_and_wait_for_an_approval')?['outcome']","Approve"]},"type":"If"},"Compose":{"runAfter":{"Condition":["Succeeded"]},"type":"Compose","inputs":"@array(split(triggerBody()?['Name'], '-'))[0]"},"Apply_to_each":{"foreach":"@body('Start_and_wait_for_an_approval')?['responses']","actions":{"Send_an_email_(V2)":{"runAfter":{},"metadata":{"flowSystemMetadata":{"swaggerOperationId":"SendEmailV2"}},"type":"ApiConnection","inputs":{"host":{"connection":{"name":"@parameters('$connections')['shared_office365']['connectionId']"},"api":{"runtimeUrl":"https://flow-apim-msmanaged-na-centralus-01.azure-apim.net/apim/office365"}},"method":"post","body":{"To":"@{outputs('Compose')}","Subject":"File @{body('Start_and_wait_for_an_approval')?['outcome']}","Body":"<p>File @{body('Start_and_wait_for_an_approval')?['outcome']}</p>"},"path":"/v2/Mail","authentication":"@parameters('$authentication')"}}},"runAfter":{"Compose":["Succeeded"]},"type":"Foreach"},"Refresh_a_dataset":{"runAfter":{"Apply_to_each":["Succeeded"]},"metadata":{"flowSystemMetadata":{"swaggerOperationId":"RefreshDataset"}},"type":"ApiConnection","inputs":{"host":{"connection":{"name":"@parameters('$connections')['shared_powerbi']['connectionId']"},"api":{"runtimeUrl":"https://flow-apim-msmanaged-na-westus2-01.azure-apim.net/apim/powerbi"}},"method":"post","path":"/v1.0/myorg/groups/@{encodeURIComponent('7527c04a-2980-4f9d-bdd8-025ea916778a')}/datasets/@{encodeURIComponent('f278bee3-ae7a-4b96-8218-c7c7f8ac12c4')}/refreshes","authentication":"@parameters('$authentication')"}}}},"connectionReferences":{"shared_azureblob_1":{"connectionName":"ce38396bbaf1438980c1684293dd5502","source":"Embedded","id":"/providers/Microsoft.PowerApps/apis/shared_azureblob","tier":"NotSpecified"},"shared_approvals":{"connectionName":"shared-approvals-b23143bd-f5ff-4cb3-bd27-05092356371b","source":"Embedded","id":"/providers/Microsoft.PowerApps/apis/shared_approvals","tier":"NotSpecified"},"shared_office365":{"connectionName":"shared-office365-6bda9206-a7e0-4bff-bb2d-3f5a091b3519","source":"Embedded","id":"/providers/Microsoft.PowerApps/apis/shared_office365","tier":"NotSpecified"},"shared_powerbi":{"connectionName":"shared-powerbi-d841ee56-8040-4876-8e00-49150bae2a77","source":"Embedded","id":"/providers/Microsoft.PowerApps/apis/shared_powerbi","tier":"NotSpecified"}},"flowFailureAlertSubscribed":false}}